"";"UF";"Year";"EvapoBHReal";"InsolacaoTotal";"PrecipitacaoTotal";"PressaoMedia";"TempMaximaMedia";"TempMinimaMedia";"Safra";"Area";"AreaFormacao";"Produtividade"
"1";"AC";2000;NA;132,782352941176;166,358333333333;992,941995458333;31,8204391944444;21,3205729285714;NA;NA;NA;NA
"2";"AL";2000;NA;208,887272727273;140,671428571429;971,263662310345;29,640940375;21,0093640535714;NA;NA;NA;NA
"3";"AM";2000;NA;136,929746835443;228,686904761905;1006,4538031;32,1610766309524;22,2035928802395;NA;NA;NA;NA
"4";"AP";2000;NA;189,981818181818;225,15;NA;31,2905386666667;24,1049990833333;NA;NA;NA;NA
"5";"BA";2000;NA;207,772115384615;90,3802985074627;959,897344922034;29,6160377940299;19,6294786802508;NA;NA;NA;NA
"6";"CE";2000;NA;214,693396226415;111,428181818182;973,462907722222;31,1833173727273;21,7935080454545;NA;NA;NA;NA
"7";"DF";2000;NA;207,166666666667;128,054166666667;889,61473675;27,017110875;15,63869675;NA;NA;NA;NA
"8";"ES";2000;NA;177,516666666667;151,058333333333;1011,2728225;28,8376760416667;20,7274490833333;NA;NA;NA;NA
"9";"GO";2000;NA;204,150458715596;140,060606060606;933,178573277778;30,2810254573643;18,3210700909091;NA;NA;NA;NA
"10";"MA";2000;NA;208,907575757576;147,602857142857;988,746822630769;32,6133889172932;22,3507811714286;NA;NA;NA;NA
"11";"MG";2000;NA;205,727821011673;113,107832422587;932,59792293883;28,8854981537037;16,6441468534323;NA;NA;NA;NA
"12";"MS";2000;NA;212,145762711864;124,676666666667;965,605597666667;30,1724558666667;18,6403499827586;NA;NA;NA;NA
"13";"MT";2000;NA;193,377450980392;117,663076923077;978,250927923077;32,507336266129;19,7628026129032;NA;NA;NA;NA
"14";"PA";2000;NA;189,430405405405;219,944642857143;995,699535657143;31,8971162142857;23,002306547619;NA;NA;NA;NA
"15";"PB";2000;NA;217,122033898305;143,606779661017;959,634271823529;29,807961220339;21,0428088135593;NA;NA;NA;NA
"16";"PE";2000;NA;217,4375;100,644210526316;952,578588013158;29,3448536304348;20,2459633977273;NA;NA;NA;NA
"17";"PI";2000;NA;234,921374045802;100,684090909091;975,550682375;32,8167805703704;21,3552446592593;NA;NA;NA;NA
"18";"PR";2000;NA;167,577333333333;137,607228915663;931,112245902778;25,3576345135135;14,9262769277108;NA;NA;NA;NA
"19";"RJ";2000;NA;181,588;94,955;965,809839961539;28,1952816;17,6053785166667;NA;NA;NA;NA
"20";"RN";2000;NA;228,39;111,614084507042;988,26968375;31,5065317428571;22,2075220142857;NA;NA;NA;NA
"21";"RR";2000;NA;158,9;177,354166666667;NA;32,9091200909091;22,8721955416667;NA;NA;NA;NA
"22";"RS";2000;NA;187,841293532338;146,245794392523;959,628532320313;23,5328062196262;13,5584715169082;NA;NA;NA;NA
"23";"SC";2000;NA;178,21186440678;164,027118644068;906,880801479167;23,1089431355932;12,8595124915254;NA;NA;NA;NA
"24";"SE";2000;NA;201,258333333333;115,452777777778;994,065903066667;29,6866279722222;21,49693975;NA;NA;NA;NA
"25";"SP";2000;NA;186,061445783133;125,764122137405;935,315726408333;27,3108189069767;16,8083719416667;NA;NA;NA;NA
"26";"TO";2000;NA;210,334722222222;156,227777777778;976,974429216667;32,8007595942029;21,1501114444444;NA;NA;NA;NA
"27";"AC";2001;NA;144,672222222222;165,827777777778;991,522899708333;31,5420242222222;21,5508787777778;NA;NA;NA;NA
"28";"AL";2001;NA;226,659183673469;93,8132075471698;971,253813321429;30,1979965769231;20,6845975769231;NA;NA;NA;NA
"29";"AM";2001;NA;146,484337349398;218,95;1001,44779408333;32,6122916071429;22,6271800059524;NA;NA;NA;NA
"30";"AP";2001;NA;211,216666666667;176,15;1008,549355;31,7007079166667;23,9652253333333;NA;NA;NA;NA
"31";"BA";2001;NA;217,571913580247;63,8949253731343;962,048302159468;30,2771144820359;19,7863622228916;"2001";95600;17940;22,907949790795
"32";"CE";2001;NA;216,374468085106;68,985;972,784911891304;32,5767480933333;22,67548512;NA;NA;NA;NA
"33";"DF";2001;NA;208,95;101,920833333333;890,311984583333;26,971772;15,8415136666667;NA;NA;NA;NA
"34";"ES";2001;NA;218,725;110,068421052632;1012,337535;29,8650133684211;21,5745884736842;"2001";510930;64330;14,7769753195154
"35";"GO";2001;NA;209,963392857143;124,360305343511;934,373991222222;30,3727434396552;18,2269050873016;"2001";0;0;0
"36";"MA";2001;NA;205,217391304348;134,333333333333;990,459629084507;32,9606480070423;22,4640684027778;NA;NA;NA;NA
"37";"MG";2001;NA;213,267735849057;91,6243006993007;933,25643186514;29,3205719294533;16,7847217235915;"2001";891100;164900;16,4852429581416
"38";"MS";2001;NA;211,239655172414;119,113333333333;967,013475361702;30,6380997166667;18,8410916833333;NA;NA;NA;NA
"39";"MT";2001;NA;193,189898989899;129,087692307692;983,828037226191;32,7670311359223;19,9191645238095;"2001";38100;12600;9,18635170603675
"40";"PA";2001;NA;194,233540372671;183,664880952381;996,766880854167;32,2278735575758;23,1794905868263;"2001";19400;2200;12,8865979381443
"41";"PB";2001;NA;238,965625;68,4130434782609;960,823030689655;31,1035226904762;21,3143479285714;NA;NA;NA;NA
"42";"PE";2001;NA;232,634782608696;67,7905263157895;948,4245015;30,0543054;20,1087860957447;NA;NA;NA;NA
"43";"PI";2001;NA;235,595;72,9134615384615;976,565913967213;33,8090955714286;21,8431571836735;NA;NA;NA;NA
"44";"PR";2001;NA;NA;110,903125;928,531803678571;27,5621289166667;16,825257;"2001";127700;67300;4,22866092404072
"45";"RJ";2001;NA;216,179166666667;67,8114285714286;969,625581391304;29,9014622142857;19,1960339285714;"2001";10400;1050;15,3846153846154
"46";"RN";2001;NA;246,42;54,6620689655172;989,019861125;32,5003908113208;22,2511311132075;NA;NA;NA;NA
"47";"RO";2001;NA;NA;NA;NA;NA;NA;"2001";245000;73000;7,79591836734694
"48";"RR";2001;NA;190,345833333333;123,804166666667;999,17;33,3998540952381;23,033820375;NA;NA;NA;NA
"49";"RS";2001;NA;NA;91,2152777777778;959,168116227273;26,5678592083333;15,9538882083333;NA;NA;NA;NA
"50";"SC";2001;NA;NA;105,903571428571;916,925774666667;26,0100181111111;15,5187415;NA;NA;NA;NA
"51";"SE";2001;NA;214,194444444444;100,838888888889;995,282176333333;29,9437208055556;21,6716300277778;NA;NA;NA;NA
"52";"SP";2001;NA;195,272043010753;112,057037037037;936,692097075;27,7098973834586;17,2280458455285;"2001";223470;34220;15,7515550185707
"53";"TO";2001;NA;194,636111111111;136,061111111111;977,491002237288;32,949056;21,2234228472222;NA;NA;NA;NA
"54";"AC";2002;NA;143,831428571429;179,25;990,687668083333;31,4332405294118;21,7556480555556;NA;NA;NA;NA
"55";"AL";2002;NA;205,640740740741;106,183333333333;974,167315866667;29,9777568813559;20,6910588135593;NA;NA;NA;NA
"56";"AM";2002;NA;154,549382716049;233,055952380952;999,627568541667;32,807427369697;22,9729667590361;NA;NA;NA;NA
"57";"AP";2002;NA;209,658333333333;207,341666666667;NA;32,0711585833333;23,7476055833333;NA;NA;NA;NA
"58";"BA";2002;NA;217,888990825688;74,697619047619;961,103020520408;30,3020885179641;19,7215529667674;"2002";103000;10100;22,3300970873786
"59";"CE";2002;NA;243,750980392157;79,4607142857143;966,499824360465;31,9662239076923;21,9194826461538;NA;NA;NA;NA
"60";"DF";2002;NA;219,041666666667;106,016666666667;890,434291041667;27,6481805416667;16,4179842916667;NA;NA;NA;NA
"61";"ES";2002;NA;190;107,125;1011,54932333333;29,8150668333333;21,537926625;"2002";529000;60500;17,6275992438563
"62";"GO";2002;NA;217,795145631068;106,468939393939;934,095739369369;31,2225658484848;19,0303167461538;"2002";0;0;0
"63";"MA";2002;NA;215,244927536232;131,29375;992,09417616092;33,091717125;22,8348634965035;NA;NA;NA;NA
"64";"MG";2002;NA;212,878587196468;97,7802867383513;933,69084319;29,660386410609;17,4570348120155;"2002";1070000;142000;23,4953271028037
"65";"MS";2002;NA;218,595454545455;75,8214285714286;966,473223673913;31,5088480754717;19,8384234285714;NA;NA;NA;NA
"66";"MT";2002;NA;207,682857142857;113,576515151515;983,263034072917;33,4869529612403;20,13303765625;"2002";36900;4300;13,2791327913279
"67";"PA";2002;NA;199,372289156626;175,982142857143;998,151388164179;32,4724153293413;23,2826611437126;"2002";19500;3300;15,8974358974359
"68";"PB";2002;NA;237,546666666667;95,3277777777778;966,448406333333;30,5911339444444;21,2739056111111;NA;NA;NA;NA
"69";"PE";2002;NA;225,901123595506;78,4635416666667;948,837392714286;29,7699791182796;20,1758299263158;NA;NA;NA;NA
"70";"PI";2002;NA;261,225454545455;61,82;981,296457616279;34,174120328;22,0798122177419;NA;NA;NA;NA
"71";"PR";2002;NA;173,323958333333;135,836458333333;931,269850202381;26,9461824479167;15,9774641684211;"2002";128000;9800;18,28125
"72";"RJ";2002;NA;197,057894736842;86,6826923076923;970,100267724138;29,22648565625;18,928658421875;"2002";12480;1010;20,4326923076923
"73";"RN";2002;NA;245,774647887324;84,2785714285714;990,05829484;32,36865325;22,810666037037;NA;NA;NA;NA
"74";"RO";2002;NA;NA;NA;NA;NA;NA;"2002";165000;26000;12,7272727272727
"75";"RR";2002;NA;181,588235294118;151,654166666667;NA;33,8185754583333;23,558766375;NA;NA;NA;NA
"76";"RS";2002;NA;165,759134615385;190,475462962963;959,660850515385;23,9721403033175;14,6161378199052;NA;NA;NA;NA
"77";"SC";2002;NA;151,411111111111;156,645238095238;906,366352020833;24,5540466829268;14,8914738292683;NA;NA;NA;NA
"78";"SE";2002;NA;201,519444444444;85,9888888888889;994,977082466667;30,2046052121212;21,989733;NA;NA;NA;NA
"79";"SP";2002;NA;199,256481481481;113,177777777778;937,2288511;28,594079027972;17,3288615467626;"2002";225000;29100;25,7777777777778
"80";"TO";2002;NA;212,592647058824;134,218055555556;977,540419602941;33,2022728181818;21,5121861527778;NA;NA;NA;NA
"81";"AC";2003;116,596794541667;143,091666666667;176,036111111111;990,142593166667;31,5824538055556;21,4601189444444;NA;NA;NA;NA
"82";"AL";2003;86,2915033559322;220,661403508772;70,7396551724138;969,857967583333;30,775533;21,2597769122807;NA;NA;NA;NA
"83";"AM";2003;136,765992763636;157,201290322581;208,234545454545;1002,19365316667;32,8894181779141;23,2084337625;NA;NA;NA;NA
"84";"AP";2003;136,087637;214,3;160,108333333333;1011,00390666667;32,0579475;23,8107079166667;NA;NA;NA;NA
"85";"BA";2003;76,3049576428571;219,302605863192;58,5421052631579;961,246393628159;30,63119169279;19,8674617619048;"2003";95200;2800;18,6974789915966
"86";"CE";2003;94,6029469255319;238,268571428571;92,0163120567376;968,026697877778;32,4395444071429;22,0586055142857;NA;NA;NA;NA
"87";"DF";2003;78,9530362857143;204,3625;99,2625;890,748838625;27,2905829166667;16,0239017083333;NA;NA;NA;NA
"88";"ES";2003;72,73987175;197,586956521739;87,8625;1013,09;30,1041605416667;21,3170280416667;"2003";521000;29900;12,6871401151631
"89";"GO";2003;75,2124330941176;208,7;120,795454545455;933,968476183333;30,6239888333333;18,5304708244275;"2003";0;0;0
"90";"MA";2003;110,389901589474;214,3875;130,452083333333;991,354097826087;33,1078379791667;22,8894817202797;NA;NA;NA;NA
"91";"MG";2003;70,7574803318486;208,789452332657;95,8365079365079;933,593994329049;29,56443760746;16,9696414251825;"2003";977000;116000;12,3336745138178
"92";"MS";2003;92,2921922857143;208,868965517241;125,657446808511;967,025999536585;30,3477906153846;19,0679318863636;NA;NA;NA;NA
"93";"MT";2003;92,3898355679012;187,957608695652;149,733333333333;984,076006058824;32,6506335267857;20,2009141465517;"2003";36100;3200;11,9113573407202
"94";"PA";2003;127,740185209091;194,393209876543;176,593529411765;998,234605587302;32,3671850710059;23,3848913293413;"2003";18000;2000;12,2222222222222
"95";"PB";2003;96,5324178085106;233,426086956522;84,9125;965,822454693548;30,9633701408451;20,960969943662;NA;NA;NA;NA
"96";"PE";2003;74,4745255;239,061290322581;60,8147368421053;951,455935880952;30,360377688172;20,5050693010753;NA;NA;NA;NA
"97";"PI";2003;89,0224949724771;249,985256410256;82,9224358974359;980,847726870588;34,180157801282;22,1860741538462;NA;NA;NA;NA
"98";"PR";2003;84,704234984127;185,138043478261;133,239784946237;932,949861703704;26,5221033295455;15,0808587934783;"2003";123200;10400;15,9902597402597
"99";"RJ";2003;80,8209639574468;185,936170212766;105,054166666667;968,622258551724;28,9493069305556;18,5039357916667;"2003";11000;1000;11,8181818181818
"100";"RN";2003;96,7162977118644;249,153012048193;66,325;991,078030057692;32,9035659277108;23,1489768554217;NA;NA;NA;NA
"101";"RO";2003;NA;NA;NA;NA;NA;NA;"2003";188000;18000;13,2978723404255
"102";"RR";2003;116,960464375;190,463636363636;156,673913043478;NA;33,9513070434783;23,030242;NA;NA;NA;NA
"103";"RS";2003;74,7100622647059;190,433177570093;146,585648148148;960,106773832061;23,970137337963;13,7368228472222;NA;NA;NA;NA
"104";"SC";2003;78,258384625;175,563855421687;126,627710843373;911,08926384;24,1985389518072;13,9798466962025;NA;NA;NA;NA
"105";"SE";2003;108,719144333333;214,405555555556;92,5361111111111;997,145592411765;30,3047383611111;22,4727176666667;NA;NA;NA;NA
"106";"SP";2003;75,9794678470588;198,178571428571;106,50071942446;929,933858621622;27,7690478188406;17,0172522204724;"2003";210000;21000;13,3809523809524
"107";"TO";2003;94,4114559545455;199,174242424242;127,584722222222;978,037133222222;33,1640109;21,5060048676471;NA;NA;NA;NA
"108";"AC";2004;NA;129,094285714286;193,619444444444;989,971067625;31,1478021111111;21,6754881111111;NA;NA;NA;NA
"109";"AL";2004;90,78535725;209,356140350877;116,825862068966;974,906392655172;30,1638966842105;21,0016;NA;NA;NA;NA
"110";"AM";2004;NA;149,389285714286;191,475163398693;999,978961;32,7554435410959;22,956698972028;NA;NA;NA;NA
"111";"AP";2004;NA;217,683333333333;225,108333333333;1009,43666666667;31,9466689166667;23,8583738333333;NA;NA;NA;NA
"112";"BA";2004;NA;203,84501607717;80,2297619047619;961,042956351724;29,9063275348101;19,4281731322581;"2004";96710;2155;23,5652983145486
"113";"CE";2004;NA;227,233571428571;103,265957446809;968,486234554348;31,9187835571429;21,8689068928571;NA;NA;NA;NA
"114";"DF";2004;NA;194,870833333333;129,070833333333;890,38339375;26,910445875;16,0187520833333;NA;NA;NA;NA
"115";"ES";2004;NA;173,509090909091;142,283333333333;1011,40580666667;29,11950125;20,9838408333333;"2004";507786;19455;13,3816213916886
"116";"GO";2004;NA;205,688495575221;135,094696969697;933,362836541667;30,3088081679389;18,4799062651515;"2004";0;0;0
"117";"MA";2004;NA;215,502702702703;151,377083333333;991,624645892473;33,0527903006993;22,9224607153285;NA;NA;NA;NA
"118";"MG";2004;67,7253219715762;191,48;123,362891986063;933,854699071782;28,5280017521815;16,7560099494585;"2004";1001577;144050;18,7474352945405
"119";"MS";2004;NA;212,828;117,141666666667;967,423061270833;30,4012443728814;18,6459051166667;NA;NA;NA;NA
"120";"MT";2004;NA;181,777570093458;143,177099236641;982,186226854369;32,8347454031008;20,1933220305344;"2004";34517;2500;8,98108178578671
"121";"PA";2004;NA;191,256687898089;187,917318435754;996,329455514286;32,4093826306818;23,4182944642857;"2004";18781;1400;11,7139662424791
"122";"PB";2004;NA;221,511428571429;111,191428571429;964,710687542373;30,3219586285714;20,8985352428571;NA;NA;NA;NA
"123";"PE";2004;65,2814420909091;222,385227272727;89,8877777777778;957,454070444444;29,6362856111111;20,1961129222222;NA;NA;NA;NA
"124";"PI";2004;59,353864952381;247,60974025974;94,2806451612903;981,123530552941;33,9284515483871;22,0499580580645;NA;NA;NA;NA
"125";"PR";2004;NA;172,238947368421;140,496875;930,217527238095;25,5634215416667;14,7144469895833;"2004";117105;5279;21,5703855514282
"126";"RJ";2004;NA;161,539130434783;109,901388888889;966,712775708333;27,9307822361111;18,2696423333333;"2004";13894;460;18,7131135742047
"127";"RN";2004;56,3019039090909;235,19512195122;104,778048780488;989,649286702128;32,2783853902439;22,7651835243902;NA;NA;NA;NA
"128";"RO";2004;NA;NA;NA;NA;NA;NA;"2004";188000;9000;9,36170212765957
"129";"RR";2004;NA;181,963636363636;170,765217391304;NA;33,7447926956522;22,9718165217391;NA;NA;NA;NA
"130";"RS";2004;NA;199,137962962963;106,587962962963;957,33051244;24,0379008240741;13,6907478240741;NA;NA;NA;NA
"131";"SC";2004;NA;175,75;132,083333333333;912,881129411765;23,6343442619048;13,6929524642857;NA;NA;NA;NA
"132";"SE";2004;NA;194,844444444444;94,9111111111111;995,204985066667;30,0041589166667;21,9193172777778;NA;NA;NA;NA
"133";"SP";2004;NA;189,670754716981;123,210416666667;931,888158647059;26,8791124125874;16,5357733875969;"2004";204700;19000;28,676111382511
"134";"TO";2004;NA;199,047887323944;148,4;977,749039652778;33,1756034057971;21,5303053611111;NA;NA;NA;NA
"135";"AC";2005;NA;153,05;165,025;989,733163791667;31,9791463888889;21,6128661111111;NA;NA;NA;NA
"136";"AL";2005;NA;223,79298245614;98,0775862068966;974,870399724138;30,2848644137931;21,4022380172414;NA;NA;NA;NA
"137";"AM";2005;NA;151,946428571429;196,92298136646;1001,79745215789;33,1858955584416;23,1976799426752;NA;NA;NA;NA
"138";"AP";2005;NA;209,825;215,958333333333;NA;32,0089273333333;24,37609775;NA;NA;NA;NA
"139";"BA";2005;NA;203,03679245283;86,8191044776119;961,443953494881;30,10230191875;19,818164140625;"2005";97175;2415;18,6467712889118
"140";"CE";2005;NA;239,977372262774;62,2709219858156;970,593216938776;32,7719066028369;22,2705715957447;NA;NA;NA;NA
"141";"DF";2005;NA;198,941666666667;141,495833333333;890,187648416667;27,3406304166667;16,2986040833333;NA;NA;NA;NA
"142";"ES";2005;NA;170,829166666667;144,35;1013,60666666667;29,5531825833333;21,2352915;"2005";493958;26698;16,3374214002
"143";"GO";2005;NA;201,962068965517;142,647727272727;933,239559475;30,606954875;18,9786572348485;"2005";0;0;0
"144";"MA";2005;NA;212,105839416058;130,809722222222;991,364512351064;33,5104115539568;23,0158499393939;NA;NA;NA;NA
"145";"MG";2005;61,6955378148148;191,379381443299;118,58275261324;933,515297183824;28,9439090402802;17,254537609319;"2005";1033533;156505;14,7252192237693
"146";"MS";2005;NA;205,601724137931;98,23;967,089710604167;30,80929905;18,925119;NA;NA;NA;NA
"147";"MT";2005;NA;173,888571428571;126,724242424242;980,154530720721;33,193948266129;20,2863475555556;"2005";34500;2500;8,98550724637681
"148";"PA";2005;NA;191,64156626506;191,628488372093;997,239564153846;32,913556;23,7318663139535;"2005";22600;1400;14,6017699115044
"149";"PB";2005;NA;226,250746268657;89,9871428571429;964,2959895;30,6844744705882;21,1635653970588;NA;NA;NA;NA
"150";"PE";2005;NA;226,1;86,6623655913978;955,96107384058;29,7522261612903;20,230761827957;NA;NA;NA;NA
"151";"PI";2005;NA;242,080555555556;81,7421052631579;980,971937588235;34,2624570519481;22,2555504383562;NA;NA;NA;NA
"152";"PR";2005;NA;180,895238095238;133,108333333333;930,035918095238;26,1946030416667;15,4345152395833;"2005";106380;6935;13,4893777025757
"153";"RJ";2005;NA;163,38125;116,213888888889;968,5319438;28,7269758888889;18,9749401666667;"2005";13970;500;21,3314244810308
"154";"RN";2005;NA;242,158024691358;69,289156626506;989,299644;32,9392656707317;23,1107492439024;NA;NA;NA;NA
"155";"RO";2005;NA;NA;NA;NA;NA;NA;"2005";165910;6300;10,6804894219758
"156";"RR";2005;NA;186,988888888889;178,754166666667;NA;33,6050390833333;23,7452765833333;NA;NA;NA;NA
"157";"RS";2005;NA;188,700490196078;132,073488372093;959,554180244275;24,3307536093023;14,126661144186;NA;NA;NA;NA
"158";"SC";2005;NA;173,602380952381;162,582142857143;908,481265285714;24,1497148333333;14,1398435595238;NA;NA;NA;NA
"159";"SE";2005;NA;204,547058823529;83,85;992,114600153846;30,3882490833333;22,3009351714286;NA;NA;NA;NA
"160";"SP";2005;NA;186,00198019802;120,14964028777;930,75458217757;27,3375832919708;17,120444104;"2005";221040;15893;14,5810712993123
"161";"TO";2005;NA;204,627142857143;149,951388888889;977,308760583333;33,1778811944444;21,6633256527778;NA;NA;NA;NA
"162";"AC";2006;100,873063285714;152,74;170,011111111111;990,320170565217;31,7388828888889;21,5304393888889;NA;NA;NA;NA
"163";"AL";2006;79,8386313235294;229,826315789474;101,101694915254;973,232132892857;30,2442783965517;21,4178964827586;NA;NA;NA;NA
"164";"AM";2006;121,812270842697;148,908088235294;216,213333333333;999,988988777778;32,8159953402778;23,1124600240964;NA;NA;NA;NA
"165";"AP";2006;119,163267;201,233333333333;235;1008,7;31,7120731666667;23,73043275;NA;NA;NA;NA
"166";"BA";2006;65,0610308894231;201,209937888199;80,1684523809524;960,992798532203;29,9859168947368;19,5752582074303;"2006";97794;2750;23,0177720514551
"167";"CE";2006;35,5621565714286;235,385106382979;78,9014184397163;969,734678541667;32,3621325460993;21,9999303687943;NA;NA;NA;NA
"168";"DF";2006;61,924859375;191,204166666667;142,308333333333;890,216116916667;27,0264753333333;15,6823477083333;NA;NA;NA;NA
"169";"ES";2006;85,907240875;179,820833333333;122,0625;1016,18172;29,4351424583333;20,8760339583333;"2006";473256;21790;19,0362087326944
"170";"GO";2006;68,2824464367816;201,954166666667;139,50303030303;933,048728529412;30,2575450909091;18,5521814621212;"2006";0;0;0
"171";"MA";2006;63,4809588765432;212,053623188406;144,694444444444;991,157723255556;32,9810241678322;22,7399383239437;NA;NA;NA;NA
"172";"MG";2006;67,7563245898123;198,126021505376;115,147957371226;933,709833946342;28,8850917129964;16,8133245009141;"2006";1011865;117033;21,7291832408473
"173";"MS";2006;70,94670365625;215,963333333333;117,078333333333;966,010127782609;30,8884452333333;19,4542380208333;NA;NA;NA;NA
"174";"MT";2006;84,8858341931818;175,961739130435;150,434848484848;980,907573861111;32,9922143307087;20,2902859153846;"2006";32230;2750;7,75674837108284
"175";"PA";2006;95,1537586530612;192,553142857143;201,653409090909;997,104687701493;32,4610895397727;23,4397694829545;"2006";20915;1350;13,3875209180014
"176";"PB";2006;63,3914730476191;241,828571428571;86,5857142857143;962,569055362069;30,8488916428571;21,0090535142857;NA;NA;NA;NA
"177";"PE";2006;48,6509412545455;228,679347826087;69,858064516129;955,878690811594;29,9745177419355;20,2289179354839;NA;NA;NA;NA
"178";"PI";2006;42,9631502637363;238,936842105263;89,774025974026;981,668331767442;33,8024631363636;22,120138;NA;NA;NA;NA
"179";"PR";2006;73,61054146875;187,209523809524;114,702083333333;930,841827141177;26,4444847978723;15,0890883958333;"2006";100330;5320;22,4060600019934
"180";"RJ";2006;63,8329903191489;174,908333333333;97,4819444444445;969,686645133333;28,9441991267606;18,4625171830986;"2006";13800;430;19,1304347826087
"181";"RN";2006;45,9604992708333;248,591463414634;76,3621951219512;990,73768068;32,7055659390244;23,0384741707317;NA;NA;NA;NA
"182";"RO";2006;NA;NA;NA;NA;NA;NA;"2006";162627;2653;7,76623807854784
"183";"RR";2006;120,464700571429;189,483333333333;213,1625;NA;33,2410181666667;23,647675375;NA;NA;NA;NA
"184";"RS";2006;67,8615721925926;201,816666666667;107,9875;961,102461176471;24,5563331388889;14,0069329490741;NA;NA;NA;NA
"185";"SC";2006;70,7030558958333;183,036904761905;114,722619047619;915,760285716981;24,3995252738095;14,1726683928571;NA;NA;NA;NA
"186";"SE";2006;91,9847145416667;212,586111111111;109,491666666667;997,094805588235;30,0935780555556;22,2958695833333;NA;NA;NA;NA
"187";"SP";2006;63,3253645348837;193,484693877551;125,1;936,800967752137;27,5391768085106;16,920804255814;"2006";212100;14670;21,0749646393211
"188";"TO";2006;88,2596203958333;205,198529411765;147,956944444444;977,600309375;32,7706266388889;21,40308475;NA;NA;NA;NA
"189";"AC";2007;117,491166611111;147,311111111111;178,308333333333;989,712617434783;31,6320073055556;21,3069458611111;NA;NA;NA;NA
"190";"AL";2007;82,3285136521739;221,584782608696;99,3604166666667;972,633497888889;29,6966857608696;20,9919631521739;NA;NA;NA;NA
"191";"AM";2007;131,364742896104;152,769078947368;206,794011976048;1000,145688;32,9681055947712;22,9607465389222;NA;NA;NA;NA
"192";"AP";2007;118,399612833333;192,911111111111;224,608333333333;NA;32,0598779166667;24,1425089166667;NA;NA;NA;NA
"193";"BA";2007;58,8518365;214,149523809524;67,9660714285714;960,936758357388;30,3221084782609;19,2295064779874;"2007";151792;3762,3;15,4290081163698
"194";"CE";2007;54,6407204822695;242,789361702128;70,0070921985816;969,865778864583;32,5200895815603;21,9776322624113;NA;NA;NA;NA
"195";"DF";2007;50,576122;226,383333333333;98,7791666666667;890,471483041667;27,8708256666667;15,484905875;NA;NA;NA;NA
"196";"ES";2007;85,816242875;206,725;83,2375;1013,726066;30,0075540833333;21,0171051666667;"2007";517729;23186;19,9061671260447
"197";"GO";2007;67,7108624418605;221,301666666667;110,048484848485;933,263272891667;31,3220329212598;18,6010112093023;"2007";0;0;0
"198";"MA";2007;75,5952590486111;228,402941176471;116,704166666667;991,714045795918;33,5588892916667;22,6051523732394;NA;NA;NA;NA
"199";"MG";2007;61,2286469938272;220,995614035088;88,7513986013986;933,543126936274;29,7619395238938;16,8040620857664;"2007";1016414;131481;16,2069786523995
"200";"MS";2007;86,5510565217391;210,1375;104,761666666667;965,988084130435;30,9525079215686;19,2104397924528;NA;NA;NA;NA
"201";"MT";2007;87,40137153125;179,2;126,713636363636;979,712882258621;33,6060142230769;19,8689501615385;"2007";16227;1438;9,43
"202";"PA";2007;105,727069610778;196,723776223776;174,537430167598;997,253403688312;32,4299923579545;23,4413139137931;"2007";15137;1445;17,57
"203";"PB";2007;65,9306270588235;232,672727272727;86,7710144927536;963,784421827586;30,5872593235294;20,6729423088235;NA;NA;NA;NA
"204";"PE";2007;58,9919517472527;227,902173913043;78,1457446808511;957,533111746479;29,4967254301075;19,8962984431818;NA;NA;NA;NA
"205";"PI";2007;54,643887025974;254,790196078431;73,5730769230769;981,053770965116;34,1460527354839;21,9996445035461;NA;NA;NA;NA
"206";"PR";2007;89,67139559375;189,427380952381;132,8;930,4387866;26,8429172857143;15,2987916875;"2007";97842;8200;17,7020093620327
"207";"RJ";2007;76,5158727183099;194,058333333333;100,406944444444;973,018458516129;29,5091928970588;18,6436228450704;"2007";14048;260;20
"208";"RN";2007;58,4517811463415;243,45375;68,1602409638554;988,904501177778;32,7578555365854;22,7362893658537;NA;NA;NA;NA
"209";"RO";2007;NA;NA;NA;NA;NA;NA;"2007";153281;7950;9,66851729829529
"210";"RR";2007;111,351960125;180,991666666667;194,533333333333;NA;33,422242375;23,4530667916667;NA;NA;NA;NA
"211";"RS";2007;78,3891681782178;178,88785046729;147,49488372093;959,837633656488;23,8167880046512;13,9065059116279;NA;NA;NA;NA
"212";"SC";2007;83,399767125;167,811904761905;155,638095238095;914,08432775;24,0028049761905;14,2683540119048;NA;NA;NA;NA
"213";"SE";2007;82,7640852285714;201,672222222222;100,161111111111;996,4473161875;29,8019468333333;21,9755530555556;NA;NA;NA;NA
"214";"SP";2007;86,0939673969466;189,692452830189;116,847222222222;936,948407478992;28,0865787832168;17,2515499923664;"2007";168700;13235;15,6016597510373
"215";"TO";2007;84,6676170138889;216,459420289855;108,491666666667;977,371575125;33,6458858611111;21,3055784166667;NA;NA;NA;NA
"216";"AC";2008;109,631751166667;144,033333333333;179,1;989,5149457;31,2031823055556;21,5271996111111;NA;NA;NA;NA
"217";"AL";2008;70,366973122449;222,55;100,332;972,872449214286;30,1962419347826;21,1397465510204;NA;NA;NA;NA
"218";"AM";2008;129,305446939024;146,221290322581;232,692261904762;1000,579357125;32,5559462922078;22,6445462155689;NA;NA;NA;NA
"219";"AP";2008;113,085407833333;192,42;196,108333333333;1009,34086;31,8137158333333;24,1157211666667;NA;NA;NA;NA
"220";"BA";2008;62,4749900454545;209,765705128205;68,477380952381;961,316140397306;30,3732332391304;19,3408910543131;"2008";125033,4;5795,6;17,123479401438
"221";"CE";2008;61,0930604468085;228,387857142857;93,8156028368794;970,336730030612;32,0332565460993;21,8085485744681;NA;NA;NA;NA
"222";"DF";2008;64,63918125;206,033333333333;133,45;889,823987958333;27,3548140833333;15,2077835;NA;NA;NA;NA
"223";"ES";2008;83,5594374583333;180,220833333333;123,679166666667;1008,03;29,6000049583333;20,9777475;"2008";489592;27147;20,8949492638769
"224";"GO";2008;76,6398865238095;205,703333333333;137,092424242424;932,870318158333;30,6683525491803;18,3984725769231;"2008";0;0;0
"225";"MA";2008;83,7587495957447;207,185714285714;155,970138888889;991,324671319588;33,1684116299213;22,2629504545455;NA;NA;NA;NA
"226";"MG";2008;68,2102577732181;203,240139211137;120,666958041958;933,146587337438;29,196247625;16,6896647011278;"2008";1048172;122156;22,4972618997645
"227";"MS";2008;87,71067325;220,895652173913;116,848333333333;966,52270706383;30,6622705172414;19,0189098448276;NA;NA;NA;NA
"228";"MT";2008;90,5754611393443;192,028571428571;144,204838709677;977,995301009009;33,1928746803279;19,5162691885246;"2008";15007;5301;9,19570866928767
"229";"PA";2008;112,499082572289;184,990173410405;206,313333333333;995,261335457143;32,2837789611111;23,3574594023669;"2008";12917;2365;18,04
"230";"PB";2008;71,4276647205882;228,028571428571;121,152857142857;962,462527224138;30,3767427571429;20,5419336571429;NA;NA;NA;NA
"231";"PE";2008;57,6128986304348;218,760869565217;86,5478723404255;955,26467784507;29,3508268817204;19,8125348933333;NA;NA;NA;NA
"232";"PI";2008;70,4838044266667;238,188811188811;106,252903225806;980,990190390805;33,4953229290323;21,6583736618705;NA;NA;NA;NA
"233";"PR";2008;87,1782428541667;183,975;138,667708333333;931,277824569767;25,4356259382716;14,640111125;"2008";96920;8580;26,9087907552621
"234";"RJ";2008;84,1049858382353;164,689130434783;131,338888888889;975,864806457143;28,4681799852941;18,3082424571429;"2008";13562;260;19,64
"235";"RN";2008;66,5122336153846;236,679452054795;102,173170731707;990,539278823529;32,4448630379747;22,6507544520548;NA;NA;NA;NA
"236";"RO";2008;NA;NA;NA;NA;NA;NA;"2008";155972;7045;12,0277998615136
"237";"RR";2008;106,5725425;182,6125;174,925;NA;33,0700965416667;23,3641495;NA;NA;NA;NA
"238";"RS";2008;71,3175759901478;197,641203703704;118,718055555556;960,056624083333;23,7511403302326;13,6733257407407;NA;NA;NA;NA
"239";"SC";2008;77,6997411388889;169,142857142857;171,85;910,12619222;23,3279740119048;13,7334405952381;NA;NA;NA;NA
"240";"SE";2008;79,2281962777778;202,013888888889;92,0277777777778;993,228184357143;30,1628664444444;22,1279432222222;NA;NA;NA;NA
"241";"SP";2008;86,1588359;181,243220338983;125,004895104895;936,619934319328;27,1909693928571;16,897301728;"2008";188495;12106;23,4488978487493
"242";"TO";2008;89,7729541388889;201,615;147,088888888889;977,164448069444;33,236827942029;21,3609072;NA;NA;NA;NA
"243";"AC";2009;115,655964361111;142,430555555556;197,605555555556;990,464259166667;31,3929098611111;21,9666661944444;NA;NA;NA;NA
"244";"AL";2009;82,8046248596491;225,415555555556;134,668965517241;975,118432433333;30,4359456315789;21,6698255438596;NA;NA;NA;NA
"245";"AM";2009;124,966775408805;150,387162162162;233,756363636364;1000,58502321429;32,8726194078947;23,1384510185185;NA;NA;NA;NA
"246";"AP";2009;106,837943083333;191,23;209;1010,85914;32,1709063333333;24,3142435833333;NA;NA;NA;NA
"247";"BA";2009;69,7135476079734;203,988178913738;75,2468468468469;961,224326996552;30,5680799680511;19,8454010857143;"2009";126170;7754;14,8529761432987
"248";"CE";2009;70,5797673732394;209,715602836879;118,844366197183;969,637967114583;31,616996471831;21,7901517535211;NA;NA;NA;NA
"249";"DF";2009;76,10218025;183,0375;132,895833333333;889,937891916667;27,1392222916667;16,1025405416667;NA;NA;NA;NA
"250";"ES";2009;101,503674608696;185,463636363636;115,425;1012,78833333333;30,1772894347826;21,7094891304348;"2009";479798;33892;21,2693675255003
"251";"GO";2009;89,5380022845528;193,929126213592;146,770454545455;932,96487305;30,6456590606061;18,8809931818182;"2009";0;0;0
"252";"MA";2009;89,6057341666667;194,651181102362;176,588888888889;991,072486815217;33,0437602302158;22,5702975069444;NA;NA;NA;NA
"253";"MG";2009;79,454390997807;196,848223350254;122,418067978533;932,478870098485;29,4288866624088;17,5528508011257;"2009";1000731;149053;19,8654783353369
"254";"MS";2009;92,7973682291667;212,265957446808;122,931666666667;966,181237702128;31,2876465833333;19,2029548510638;NA;NA;NA;NA
"255";"MT";2009;105,40375884252;181,698969072165;143,791472868217;979,375103086957;33,0316968650794;20,0936818968254;"2009";15272;1438;9,23258250392876
"256";"PA";2009;101,986418586826;183,998113207547;216,115642458101;996,113192985915;32,4586790223464;23,448268816092;"2009";12407;150;18,3767228177642
"257";"PB";2009;76,6813199090909;219,015384615385;128,15652173913;962,689747368421;30,4323841911765;20,6716836029412;NA;NA;NA;NA
"258";"PE";2009;67,2803369111111;216,641111111111;95,1516129032258;948,336950865854;29,754199;20,6368263125;NA;NA;NA;NA
"259";"PI";2009;78,285064337931;226,538;120,32064516129;980,858702619048;33,1841006887417;21,5175476115108;NA;NA;NA;NA
"260";"PR";2009;87,1999085416667;162,674698795181;173,407291666667;929,092359738095;25,8153922340426;15,6436282291667;"2009";85180;12240;17,2223526649448
"261";"RJ";2009;92,6932235694444;163,973913043478;127,913888888889;973,342061212121;29,3130783230769;19,3857181076923;"2009";13923;200;19,0627020038785
"262";"RN";2009;83,3313988101266;227,585135135135;122,844578313253;990,34062522;32,1181056097561;22,5391702253521;NA;NA;NA;NA
"263";"RO";2009;NA;NA;NA;NA;NA;NA;"2009";154335;6152;10,0236498525934
"264";"RR";2009;97,6276406666667;209,995833333333;120,3;NA;33,78497275;24,0383760833333;NA;NA;NA;NA
"265";"RS";2009;73,9172057401961;183,404186046512;157,058333333333;959,601433955224;23,9098088194444;13,7443280694444;NA;NA;NA;NA
"266";"SC";2009;82,157418983871;157,322891566265;167,169879518072;908,635707489796;23,8615930963855;14,3186198433735;NA;NA;NA;NA
"267";"SE";2009;68,5869958055556;209,230555555556;100,533333333333;995,40910925;30,7166525;22,6365556944444;NA;NA;NA;NA
"268";"SP";2009;92,3997931034483;165,511403508772;159,409154929577;936,975534931624;26,9298419302326;16,7645468848921;"2009";182020;10410;18,8056257554115
"269";"TO";2009;106,549927507042;195,515;149,581944444444;977,382685555556;32,9377694393939;21,9226880666667;NA;NA;NA;NA
"270";"AC";2010;106,117094;154,191666666667;143,127777777778;990,32672375;32,2196313333333;21,4350224166667;NA;NA;NA;NA
"271";"AL";2010;82,7854030178571;225,397619047619;113,584210526316;972,590800347826;30,40187;21,9153439444444;NA;NA;NA;NA
"272";"AM";2010;129,138414981818;153,156164383562;201,026946107784;999,247755181818;33,0556965783133;23,3080976167665;NA;NA;NA;NA
"273";"AP";2010;138,494819083333;217,154545454545;201,3;1008,34881;32,8459843333333;24,5470315833333;NA;NA;NA;NA
"274";"BA";2010;66,9777860338983;208,0375;78,7868902439024;961,899668179931;30,4916537824675;19,9279155684211;"2010";139550;10464;16,4292368326765
"275";"CE";2010;57,4397181503759;239,338970588235;63,1635714285714;969,71442015625;33,1121180145985;22,2973711240876;NA;NA;NA;NA
"276";"DF";2010;64,13067275;221,608333333333;121,1875;890,031514291667;27,9147505416667;15,735582375;NA;NA;NA;NA
"277";"ES";2010;80,0552039090909;187,1;98,1391304347826;1015,059258;29,8056754545455;21,3961203181818;"2010";463307;35317;21,9
"278";"GO";2010;78,5398015702479;220,480208333333;112,550757575758;932,91405;31,5673242121212;18,50214203125;"2010";0;0;0
"279";"MA";2010;93,4557255625;225,085314685315;113,59375;991,383067474747;34,0042852517483;22,9312615763889;NA;NA;NA;NA
"280";"MG";2010;70,7244837093275;218,795693779904;102,576021314387;933,660805174447;29,6231703157895;16,8940329847909;"2010";1006719;131499;24,9871115971786
"281";"MS";2010;83,921177;216,485106382979;105,893333333333;965,079176377778;31,1222464347826;18,3805546428571;NA;NA;NA;NA
"282";"MT";2010;87,0177211015625;191,439622641509;130,795454545455;979,798238271186;33,883733484375;19,7617328503937;"2010";15186;6307;13,3741604109048
"283";"PA";2010;122,790159023952;203,079885057471;171,584916201117;997,047443864197;33,1182934748603;23,4161594534884;"2010";13500;150;16,9333333333333
"284";"PB";2010;66,425714516129;218,527419354839;71,6421875;960,520303117647;30,8077671935484;20,8061137741935;NA;NA;NA;NA
"285";"PE";2010;66,1942584831461;225,261445783133;84,7644444444445;945,5406295;29,8902131022727;20,7112533246753;NA;NA;NA;NA
"286";"PI";2010;70,2039764630872;249,825342465753;79,5281045751634;980,625733073171;34,4390667086093;21,913564057554;NA;NA;NA;NA
"287";"PR";2010;85,40451025;168,083333333333;157,130208333333;932,365618551724;25,7740607291667;15,2055439479167;"2010";82613;11376;27,65
"288";"RJ";2010;77,1958593;185,227659574468;115,477777777778;972,38691678125;29,3519446944444;18,5886840972222;"2010";13100;150;19,0916030534351
"289";"RN";2010;58,3610570123457;254,125;58,1817073170732;988,563064104167;33,1941222469136;23,0674596285714;NA;NA;NA;NA
"290";"RO";2010;NA;NA;NA;NA;NA;NA;"2010";154783;6955;15,31
"291";"RR";2010;99,2850539583333;174,68375;184,641666666667;NA;33,1127610869565;24,0240817916667;NA;NA;NA;NA
"292";"RS";2010;75,3319635763547;179,730243902439;134,486574074074;959,86043875188;23,8110855813953;13,8183159861111;NA;NA;NA;NA
"293";"SC";2010;81,5680539230769;156,660256410256;181,048717948718;914,543441583333;23,4332386282051;14,1995768333333;NA;NA;NA;NA
"294";"SE";2010;76,8599278611111;205,794285714286;98,8277777777778;994,359853;30,5457136666667;22,5141583055556;NA;NA;NA;NA
"295";"SP";2010;81,427783210084;187,690654205607;110,540277777778;939,071719733945;27,4924232096774;16,1146933382353;"2010";166195;8634;28,05
"296";"TO";2010;92,9838084788732;211,08813559322;128,222222222222;977,044046277778;34,0558324444444;21,9996862459016;NA;NA;NA;NA
"297";"AC";2011;106,680871142857;147,911111111111;157,077777777778;990,142993833333;31,8228248333333;21,5629328285714;NA;NA;NA;NA
"298";"AL";2011;92,5126723454545;217,106976744186;134,080357142857;971,386740666667;29,8662990357143;21,4585257321429;NA;NA;NA;NA
"299";"AM";2011;129,618053858974;154,509395973154;227,777976190476;998,286764769231;32,6214289760479;22,9219854968944;NA;NA;NA;NA
"300";"AP";2011;117,888243833333;205,175;213,141666666667;1010,06129;32,4497885833333;23,92535775;NA;NA;NA;NA
"301";"BA";2011;66,8105062147651;204,578214285714;75,5326283987915;961,798936873288;30,0850277870968;19,2160056237624;"2011";138833,5;9855;16,4945780377214
"302";"CE";2011;74,066919719697;223,771212121212;108,058955223881;970,54153855102;31,5298265263158;21,4286004736842;NA;NA;NA;NA
"303";"DF";2011;62,4685923333333;201,904545454545;122,029166666667;889,8010065;27,244106875;15,614319875;NA;NA;NA;NA
"304";"ES";2011;95,453590875;179,7;126,1625;1011,58181;29,17567875;20,9391938333333;"2011";452527;34737;25,5741646354803
"305";"GO";2011;73,7144009166667;205,519512195122;136,593076923077;932,73490515;30,7447498320611;18,3768017;"2011";0;0;0
"306";"MA";2011;94,5913885625;210,395070422535;159,641666666667;990,657661870968;33,1709131048951;22,6455781544118;NA;NA;NA;NA
"307";"MG";2011;66,3410020612692;204,725419664269;115,571171171171;933,69800910269;29,0289061619586;16,6230185171103;"2011";1000869;136435;22,1617414466828
"308";"MS";2011;86,9061945208333;224,40625;119,603333333333;966,29026487234;31,0564045576923;18,3757370277778;NA;NA;NA;NA
"309";"MT";2011;84,9503907906977;197,993490566038;137,754545454545;979,621613618644;33,3628613666667;20,10856096875;"2011";19884;3150;6,93019513176423
"310";"PA";2011;109,067901638554;194,135260115607;202,330726256983;996,469290171053;32,46509972;23,0343948843931;"2011";10448;0;17,6110260336907
"311";"PB";2011;77,4069548611111;225,194444444444;123,679166666667;964,407545629032;30,4053989166667;20,3157705138889;NA;NA;NA;NA
"312";"PE";2011;62,8438080851064;219,448314606742;96,5968421052632;947,310893857143;29,4980061157895;20,3997250481928;NA;NA;NA;NA
"313";"PI";2011;74,4536167350993;242,172185430464;100,596103896104;981,170167890244;33,3913755555556;21,3150825886525;NA;NA;NA;NA
"314";"PR";2011;77,3119635263158;178,522619047619;150,919791666667;932,064133563218;25,6690795729167;14,837227375;"2011";74752;16658;24,6414811643836
"315";"RJ";2011;73,9311813098592;174,511363636364;100,308333333333;972,70731416129;28,6646257605634;18,3502600140845;"2011";12864;15;20,2114427860697
"316";"RN";2011;76,1956751829268;237,484722222222;96,355421686747;989,912758764706;32,0312573292683;22,8973990121951;NA;NA;NA;NA
"317";"RO";2011;NA;NA;NA;NA;NA;NA;"2011";153391;6220;9,31149806703131
"318";"RR";2011;109,8540045;186,316666666667;192,279166666667;NA;33,0346646666667;23,994743125;NA;NA;NA;NA
"319";"RS";2011;67,1230542561576;190,555882352941;134,302314814815;959,745245488722;23,7036655277778;13,6229486712963;NA;NA;NA;NA
"320";"SC";2011;75,7900694202899;162,279761904762;194,15;911,781718411765;23,2577211071429;13,8997482073171;NA;NA;NA;NA
"321";"SE";2011;85,2204829722222;190,191428571429;99,5666666666667;994,970580466667;30,1421280833333;22,0403439444444;NA;NA;NA;NA
"322";"SP";2011;76,340268312;180,689;123,976388888889;939,902836057143;27,2777483474576;16,0677560737705;"2011";169538;13238;18,3528176573983
"323";"TO";2011;88,6712202916667;204,97;153,1625;977,045618361111;33,1327759583333;21,289789761194;NA;NA;NA;NA
"324";"AC";2012;113,090006971429;162,377777777778;194,294444444444;990,7871865;31,7774475277778;21,6530375555556;NA;NA;NA;NA
"325";"AL";2012;60,5805866428571;233,939024390244;61,6186440677966;975,101451241379;30,4915128035714;21,2679538928571;NA;NA;NA;NA
"326";"AM";2012;127,762828180124;153,504225352113;239,515476190476;999,595325466667;32,5331676686747;23,0556909221557;NA;NA;NA;NA
"327";"AP";2012;111,256097916667;221,208333333333;179,441666666667;1010,81;32,4160783333333;23,7025685833333;NA;NA;NA;NA
"328";"BA";2012;43,9967136643836;228,840816326531;45,9481481481481;961,912432914591;30,9499601088435;19,4205304747475;"2012";138213;8329,7;15,5528061759748
"329";"CE";2012;40,4799500923077;250,000769230769;45,3415384615385;968,617004010638;33,1904406153846;21,9431383230769;NA;NA;NA;NA
"330";"DF";2012;69,200034;201,870588235294;110,558333333333;890,336826166667;27,2801540833333;16,1824910416667;NA;NA;NA;NA
"331";"ES";2012;94,0898273333333;205,675;114,2125;1012,52957;29,620055625;21,2812995833333;"2012";450128;41358;27,7743219706395
"332";"GO";2012;79,0721673559322;212,038157894737;118,199180327869;933,243435083333;31,109833736;18,8684213416667;"2012";6320;1707;39,1455696202532
"333";"MA";2012;78,3968663146853;213,271739130435;98,7388888888889;991,444298802083;33,9607992569444;22,8353731007752;NA;NA;NA;NA
"334";"MG";2012;63,9767732044944;218,900245700246;85,2150837988827;933,989320778325;29,6506316933333;17,158010683908;"2012";1028425;185555;26,1992853149233
"335";"MS";2012;93,2144712708333;233,26;110,933333333333;965,255185911111;31,1722231296296;18,3014324545455;NA;NA;NA;NA
"336";"MT";2012;95,7437568780488;204,331683168317;133,691538461538;979,593842491228;33,4879362396694;20,1416166422764;"2012";21028;1747;5,90165493627544
"337";"PA";2012;107,021709263158;195,914942528736;171,313333333333;996,153924945206;32,4536760747126;22,908466575;"2012";10185;140;16,3966617574865
"338";"PB";2012;46,5583960416667;251,133333333333;59,5305555555556;965,690192666667;31,3537085;21,1070376527778;NA;NA;NA;NA
"339";"PE";2012;34,672522787234;240,04623655914;38,246875;948,7351966;30,4742604631579;20,4698320238095;NA;NA;NA;NA
"340";"PI";2012;45,1997360536913;259,873103448276;53,637908496732;981,030780243902;34,9538041184211;21,91757255;NA;NA;NA;NA
"341";"PR";2012;78,5667908958333;187,107142857143;132,752083333333;930,794675541177;26,6392612604167;15,4656228333333;"2012";67177;16873;23,5199547464162
"342";"RJ";2012;80,841712915493;188,938636363636;94,9014084507042;968,985054925926;29,3072039014084;18,7397397323944;"2012";13225;7;19,8260869565217
"343";"RN";2012;36,1665042261905;266,720238095238;40,9619047619048;991,049166518519;33,2852327380952;22,6312101818182;NA;NA;NA;NA
"344";"RO";2012;NA;NA;NA;NA;NA;NA;"2012";125667;5714;10,877955230888
"345";"RR";2012;104,544058625;194,929166666667;159,945833333333;NA;33,290456375;23,9536924166667;NA;NA;NA;NA
"346";"RS";2012;70,8763548275862;205,386274509804;116,35;958,252348162791;24,9669857638889;14,3801713333333;NA;NA;NA;NA
"347";"SC";2012;77,6906250285714;180,933333333333;125,485714285714;908,144936142857;24,3464015365854;14,3364549634146;NA;NA;NA;NA
"348";"SE";2012;59,1175812222222;202,511111111111;59,0805555555556;995,580075466667;30,1718333333333;22,0908330555556;NA;NA;NA;NA
"349";"SP";2012;84,360960300885;189,454255319149;119,375;938,947964846939;27,477091965812;16,3638170720721;"2012";175137;17525;30,5851990156278
"350";"TO";2012;85,8757042083333;206,36;121,752777777778;977,403951833333;33,335128828125;21,32919475;NA;NA;NA;NA
"351";"AC";2013;119,239603444444;152,716666666667;198,672222222222;990,910589333333;31,8452333888889;21,8618343055556;NA;NA;NA;NA
"352";"AL";2013;82,0424165660377;226,952380952381;93,9824561403509;968,97650492;30,3908595185185;21,4935044814815;NA;NA;NA;NA
"353";"AM";2013;133,929399357576;155,02109375;239,444047619048;1000,42495047619;32,4186949636364;23,4230059879518;NA;NA;NA;NA
"354";"AP";2013;116,6648475;216,35;237,716666666667;1008,275;31,9829653333333;24,0295358333333;NA;NA;NA;NA
"355";"BA";2013;60,5523830574324;208,767808219178;77,4194444444444;961,715333942652;30,7734657263844;19,8446180032051;"2013";134511,1;12494,4;13,4063285483503
"356";"CE";2013;57,0826501162791;237,427131782946;64,4418604651163;967,047779910112;32,9269563178295;22,1370414341085;NA;NA;NA;NA
"357";"DF";2013;68,6721581666667;197,436363636364;127,420833333333;890,192353958333;27,3223826666667;16,2001000833333;NA;NA;NA;NA
"358";"ES";2013;88,7357788333333;185,8625;140,8125;1013,09072;29,6584741666667;21,2208552916667;"2013";453167;45915;25,811676490124
"359";"GO";2013;80,9471354322034;196,972857142857;132,894166666667;933,26992610084;30,8531798655462;18,8048428907563;"2013";6382,6;1495;41,5974681164416
"360";"MA";2013;90,7543682237762;216,442957746479;119,771527777778;992,815690317308;33,7768340153846;23,2400632318841;NA;NA;NA;NA
"361";"MG";2013;71,8336175096154;197,186118251928;113,484555984556;932,385207768638;29,2774837191489;17,2512939235537;"2013";1037797;193981;26,6526112524896
"362";"MS";2013;92,0712770425532;206,844827586207;110,388679245283;963,305006095238;31,2742371388889;18,2243167241379;NA;NA;NA;NA
"363";"MT";2013;94,4387263464567;189,110576923077;157,106106870229;980,164205367521;32,9523841587302;20,4892339761905;"2013";20890;1251;8,2096696984203
"364";"PA";2013;121,424820028409;194,419108280255;187,703351955307;998,918952590909;32,4152467209302;23,2517654825581;"2013";6383;95;19,0662697791007
"365";"PB";2013;61,318420375;236,2;82,2152777777778;965,587204015873;31,2764438333333;21,5993460416667;NA;NA;NA;NA
"366";"PE";2013;48,8541934421053;221,405319148936;63,68125;947,509906741176;30,42202409375;21,0476846511628;NA;NA;NA;NA
"367";"PI";2013;65,3041194689655;246,597793103448;71,7790849673203;981,725408317073;34,6116808026316;22,2254978732394;NA;NA;NA;NA
"368";"PR";2013;81,4856661979167;171,196202531646;152,6625;930,815333552941;25,7404281842105;14,9176155368421;"2013";65150;16810;25,3261703760553
"369";"RJ";2013;89,864472119403;155,633333333333;117,850704225352;977,075363909091;28,6493268550725;18,8527705652174;"2013";13276;4;21,1660138595963
"370";"RN";2013;50,9189095595238;256,830120481928;65,8452380952381;989,67803645098;33,3347106666667;23,2742920595238;NA;NA;NA;NA
"371";"RO";2013;NA;NA;NA;NA;NA;NA;"2013";102840;5465;13,195254764683
"372";"RR";2013;113,818857130435;176,38125;166,304166666667;NA;33,3658235416667;24,1082720416667;NA;NA;NA;NA
"373";"RS";2013;69,7396700591133;199,356650246305;136,712962962963;960,022915825758;23,6069634398148;13,4258141162791;NA;NA;NA;NA
"374";"SC";2013;70,04159028125;174,82380952381;160,640476190476;916,349486150943;23,0547975;13,1754972105263;NA;NA;NA;NA
"375";"SE";2013;82,4346082777778;198,991666666667;90,9611111111111;996,821235823529;30,4671189166667;22,3454140277778;NA;NA;NA;NA
"376";"SP";2013;83,1601099166667;167,388888888889;112,339694656489;935,543860421687;27,0019416388889;15,7207411188119;"2013";162328,5;17027,5;24,7036102717637
"377";"TO";2013;92,5482175138889;202,068333333333;153,2375;977,377495972222;33,5172189402985;21,9804751791045;NA;NA;NA;NA
"378";"AC";2014;117,339275485714;142,058333333333;210;991,158709217391;31,57792925;22,1486679444444;NA;NA;NA;NA
"379";"AL";2014;84,6866197241379;223,225925925926;100,050847457627;974,103376142857;30,1638627931034;21,145430877193;NA;NA;NA;NA
"380";"AM";2014;130,9952028375;147,231578947368;221,789285714286;999,333325307692;32,4800761165644;23,5274595731707;NA;NA;NA;NA
"381";"AP";2014;106,5672705;216,866666666667;210,708333333333;1009,33086;31,9243861666667;23,9491864166667;NA;NA;NA;NA
"382";"BA";2014;62,414584510274;210,598545454545;65,2256965944272;962,826135819149;30,3001107346939;19,2473077711599;"2014";143939;13262,4;16,4740897185613
"383";"CE";2014;53,8446871048387;231,770833333333;66,2515625;969,015330593407;32,5818800944882;21,7328653307087;NA;NA;NA;NA
"384";"DF";2014;65,0552164166667;204,86;119,15652173913;890,59022373913;27,4527061304348;16,2316356521739;NA;NA;NA;NA
"385";"ES";2014;88,555496625;211,833333333333;87,6166666666667;1012,75654285714;29,7170721666667;21,2805602916667;"2014";433242;41443;29,5578452689259
"386";"GO";2014;78,0456513865546;207,51;119,163025210084;933,761423915254;31,2191354051724;18,7026221864407;"2014";6136,8;1571;38,5542953982532
"387";"MA";2014;88,5397261521739;210,823529411765;122,131944444444;992,527046489796;33,6600536216216;23,0136250735294;NA;NA;NA;NA
"388";"MG";2014;61,8658944780488;225,240526315789;67,8195266272189;932,694712464752;29,8950341788235;16,937123186722;"2014";995079;206340;22,7560826828825
"389";"MS";2014;107,569121941176;209,42380952381;124,284615384615;955,659350166667;31,6140925714286;19,280298625;NA;NA;NA;NA
"390";"MT";2014;98,1240369217391;186,694565217391;145,060504201681;980,012546029126;33,1142967142857;20,5848563391304;"2014";20115;1683;8,24260502112851
"391";"PA";2014;110,191525255682;201,234355828221;191,557222222222;998,171518111111;32,2942087151163;23,1765309775281;"2014";4377;65;15,6956819739548
"392";"PB";2014;68,4137025138889;230,084126984127;78,6458333333333;966,129854968254;31,116564969697;21,0019519305556;NA;NA;NA;NA
"393";"PE";2014;58,5165126947368;219,181720430108;75,521875;950,273654488636;29,7463794791667;20,3642839456522;NA;NA;NA;NA
"394";"PI";2014;71,0201664335664;247,083333333333;80,1444444444444;982,121846827161;34,2540396776316;21,7633567837838;NA;NA;NA;NA
"395";"PR";2014;88,2692258125;172,708333333333;154,371875;931,275437894118;26,5277903194444;15,9813837291667;"2014";33251;22248;16,7994947520375
"396";"RJ";2014;68,3321283913044;204,7;67,5042253521127;972,575092206897;29,6316291549296;18,5356021830986;"2014";12783;0;22,866306813737
"397";"RN";2014;59,2278171309524;248,640963855422;73,3190476190476;990,003763196078;32,9840598452381;22,9098507380952;NA;NA;NA;NA
"398";"RO";2014;NA;NA;NA;NA;NA;NA;"2014";86004;8040;17,1766545742059
"399";"RR";2014;80,7359783043478;195,466666666667;108,416666666667;NA;33,9601527083333;24,2697745;NA;NA;NA;NA
"400";"RS";2014;77,8022199787234;185,222159090909;172,295212765957;956,556497172414;24,5801165;14,9467722978723;NA;NA;NA;NA
"401";"SC";2014;82,7916022361111;169,0375;186,24875;916,399410283019;24,1612787875;14,6163704125;NA;NA;NA;NA
"402";"SE";2014;77,7591682222222;193,655555555556;79,2083333333333;996,661789625;30,1532736666667;22,0776554722222;NA;NA;NA;NA
"403";"SP";2014;72,6983738787879;189,422988505747;83,264347826087;936,836809621212;28,14630953125;16,4319417021277;"2014";199686;12350;22,980078723596
"404";"TO";2014;94,4796700277778;205,876666666667;142,473611111111;977,876914402778;33,18605278125;21,6998819722222;NA;NA;NA;NA
"405";"AC";2015;127,688366571429;91,55;331,275;993,580815333333;30,5678024285714;22,813321;NA;NA;NA;NA
"406";"AL";2015;44,1650091538462;249,592307692308;40,0428571428571;974,033617166667;32,9687804615385;22,1949206153846;NA;NA;NA;NA
"407";"AM";2015;138,667753157895;115,704;281,428571428571;998,080467;31,9866782;23,4903137179487;NA;NA;NA;NA
"408";"AP";2015;136,489508333333;161,466666666667;326;NA;31,3959573333333;23,457373;NA;NA;NA;NA
"409";"BA";2015;73,3458038108108;228,001470588235;63,4246913580247;962,923639424657;32,042326046875;20,5107437625;"2015Prev";147656,5;11770,4;15,9403751274072
"410";"CE";2015;90,8538233939394;205,103333333333;123,057575757576;963,646158476191;32,5950148484849;22,2902751515152;NA;NA;NA;NA
"411";"DF";2015;94,1282736666667;184,5;189,733333333333;886,975921333333;27,4003073333333;18,012865;NA;NA;NA;NA
"412";"ES";2015;64,381087;250,866666666667;62,9666666666667;1012,3;33,00085;23,7389786666667;"2015Prev";435273;42057;26,2168799810694
"413";"GO";2015;116,610739233333;183,361111111111;201,046666666667;932,843395533333;31,0043766666667;20,2430473666667;"2015Prev";6136,8;1571;45,3656628861948
"414";"MA";2015;115,882471424242;157,1;201,662857142857;991,059160565217;32,1940439375;22,9175956666667;NA;NA;NA;NA
"415";"MG";2015;99,0117068585859;211,312941176471;144,561344537815;930,872095221053;31,1703875544554;19,4684950956522;"2015Prev";973581;234576;23,3252292310552
"416";"MS";2015;124,144553166667;241,166666666667;187,75;950,951369833333;32,4383256666667;21,3478853333333;NA;NA;NA;NA
"417";"MT";2015;135,38175337037;158,93;230,081481481481;979,285349125;32,6976353703704;21,750068;"2015Prev";20115;1683;8,2475764354959
"418";"PA";2015;129,705543444444;146,260975609756;291,193333333333;994,982161928571;31,4237737179487;22,8613846666667;"2015Prev";4377;65;15,6728352753027
"419";"PB";2015;78,3855633333333;230,626666666667;110,077777777778;962,8774738;32,2002625;21,8888218888889;NA;NA;NA;NA
"420";"PE";2015;54,186777375;233,7;68,3916666666667;949,433091681818;31,9020426086957;21,7278773333333;NA;NA;NA;NA
"421";"PI";2015;106,255429516129;200,420689655172;127,267741935484;982,339227210526;33,6970573;22,1614431290323;NA;NA;NA;NA
"422";"PR";2015;112,0345065;174,855555555556;233,304166666667;928,821276809524;29,3449948888889;19,08291575;"2015Prev";42300;10600;23,6406619385343
"423";"RJ";2015;100,092371444444;230,1;107,470588235294;972,584722;33,1195148823529;22,0265655294118;"2015Prev";12783;0;22,8741297035125
"424";"RN";2015;82,0887412631579;238,752941176471;105,505;991,701024466667;33,6703205;23,7077703;NA;NA;NA;NA
"425";"RO";2015;NA;NA;NA;NA;NA;NA;"2015Prev";86004;8040;17,5701130179992
"426";"RR";2015;23,9430021666667;171,866666666667;23,6;NA;34,7799048333333;24,5842331666667;NA;NA;NA;NA
"427";"RS";2015;108,414667904762;212,215384615385;139,797674418605;956,738834;28,740477195122;18,8679637073171;NA;NA;NA;NA
"428";"SC";2015;108,015690611111;184,416666666667;190,322222222222;919,855348928571;27,5410867222222;17,6915771111111;NA;NA;NA;NA
"429";"SE";2015;35,541622;233,233333333333;33,8;995,68678025;32,3224621111111;23,2133895555556;NA;NA;NA;NA
"430";"SP";2015;111,488081333333;160;171,708333333333;938,6471356;29,8226528636364;19,1424613478261;"2015Prev";194306,7;12536;21,5453198474371
"431";"TO";2015;136,406268;153,113333333333;197,544444444444;977,620927611111;31,8783856666667;22,1728313888889;NA;NA;NA;NA
